John Smith;5 4 3 5 2
Emily Johnson;4, 3, 4, 2, 5
Michael Williams;3 4, 5 2, 4
Emma Brown;5, 3, 2, 4, 5
Matthew Jones;4 5 5 4, 3
Olivia Davis;5, 4, 3, 4, 5
William Miller;4 5 3 5, 2
Sophia Wilson;2 3 4 5 4
Daniel Moore;5, 4 3 5 4
Isabella Taylor;4 3 5, 2, 4
David Anderson;3, 5 4 5, 4
Ava Thomas;5 4 3 2 4
Sarah Jackson;4 5 3 4, 5
Alexander White;5, 4, 3, 5, 2
Mia Harris;2 4 3 5 4
James Martin;4, 3 5 4 2
Charlotte Thompson;5 4 3, 2, 5
Nicholas Garcia;4 5 3 5, 4
Grace Martinez;3 4 5, 4, 2
Benjamin Robinson;4, 5 3 4 5
Zoe Clark;5 4 3, 4, 5
Jacob Rodriguez;4 3 5 4, 5
Lily Lewis;3 4, 5, 4, 3
Oliver Lee;5 4, 3 4 5
Natalie Walker;4 3 5, 2, 4
Ethan Hall;3 5 4 3 2
Samantha Allen;5, 4, 3, 5, 4
Christopher Young;2 4 3 5, 4
Emma Wright;4 3, 5 2 4
Alexander Scott;5, 4 3 5 4